title,url,filename,source_page
ANNUAL REPORT AND FINANCIAL STATEMENTS 2025,https://bamburigroup.com/wp-content/uploads/2026/06/Bamburi-Cement-Annual-Report-2025-1.pdf,Bamburi-Cement-Annual-Report-2025-1.pdf,https://bamburigroup.com/annual-report-and-financial-statements-2025/
INTERGRATED ANNUAL REPORT 2024,https://bamburigroup.com/wp-content/uploads/2025/06/BCPlc-Integrated-Report-2024.pdf,BCPlc-Integrated-Report-2024.pdf,https://bamburigroup.com/intergrated-annual-report-2024/
Bamburi Cement Annual Report and Financial Statements 2023,https://bamburigroup.com/wp-content/uploads/2025/03/bamburi-annual-report-final-2024-revised-14-2.pdf,bamburi-annual-report-final-2024-revised-14-2.pdf,https://bamburigroup.com/bamburi-2024-annual-report/
Bamburi Annual Report And Financial Statement 2021,https://bamburigroup.com/wp-content/uploads/2025/03/bamburi_annual_report_2021_web_option-min_.pdf,bamburi_annual_report_2021_web_option-min_.pdf,https://bamburigroup.com/bamburi-2021-annual-report/
Annual Report and Financial Statements 2020,https://bamburigroup.com/wp-content/uploads/2025/03/bamburi-cement-annual-report-financial-statements-2020-.pdf,bamburi-cement-annual-report-financial-statements-2020-.pdf,https://bamburigroup.com/annual-report-and-financial-statements-2020/
Annual Report and Financial Statements 2019,https://bamburigroup.com/wp-content/uploads/2025/03/bamburi-cement-annual-report-financial-statements-2020-1-1.pdf,bamburi-cement-annual-report-financial-statements-2020-1-1.pdf,https://bamburigroup.com/annual-report-and-financial-statements-2019/
Bamburi Annual Report and financial statement 2018,https://bamburigroup.com/wp-content/uploads/2025/03/2018_annual_report.pdf,2018_annual_report.pdf,https://bamburigroup.com/bamburi-annual-report-and-financial-statement-2018/
Annual Report and Financial Statements 2017,https://bamburigroup.com/wp-content/uploads/2025/03/bamburi-cement-annual-report-financial-statements-2017-.pdf,bamburi-cement-annual-report-financial-statements-2017-.pdf,https://bamburigroup.com/annual-report-and-financial-statements-2017/
Bamburi Cement Financial Statements 2025,https://bamburigroup.com/wp-content/uploads/2026/04/Bamburi-2026-FY-Results-17.04.2026.pdf,Bamburi-2026-FY-Results-17.04.2026.pdf,https://bamburigroup.com/bamburi-cement-investor-relations/annual-reports/
