title,year,report_type,url,filename,source_page
BK Group Plc Announces its Audited Q4 & FY Financial Results,2025,press-release,https://bk.rw/uploads/1_BK_Group_Plc_Announces_its_Audited_FY_2025_Financial_Results_final_d8835ee66c.pdf,1_BK_Group_Plc_Announces_its_Audited_FY_2025_Financial_Results_final_d8835ee66c.pdf,https://bk.rw/en/about/document-center
Bank of Kigali Announces Q3 2025 Results,2025,press-release,https://bk.rw/uploads/BK_Financials_Sept_2025_Newspaper_441ebac4b1.pdf,BK_Financials_Sept_2025_Newspaper_441ebac4b1.pdf,https://bk.rw/en/about/document-center
BK Group Announces Q3 2025 Results,2025,press-release,https://bk.rw/uploads/BK_Group_Financials_Sept_2025_1_signed_adfd8a229c.pdf,BK_Group_Financials_Sept_2025_1_signed_adfd8a229c.pdf,https://bk.rw/en/about/document-center
Bank of Kigali Announces 1H 2025 Results,2025,press-release,https://bk.rw/uploads/Bank_of_Kigali_Announce_H1_2025_results_2411ca25c1.pdf,Bank_of_Kigali_Announce_H1_2025_results_2411ca25c1.pdf,https://bk.rw/en/about/document-center
BK Group Plc Announces 1H 2025 Results,2025,press-release,https://bk.rw/uploads/BK_Gr_P_June_2025_Signed_1ec51b67d6.pdf,BK_Gr_P_June_2025_Signed_1ec51b67d6.pdf,https://bk.rw/en/about/document-center
BK Group Plc Announces Unaudited Q1 2025 Financial Results,2025,press-release,https://bk.rw/uploads/BK_Group_Plc_Announces_Unaudited_Q1_2025_Financial_Results_1_bb11da9d07.pdf,BK_Group_Plc_Announces_Unaudited_Q1_2025_Financial_Results_1_bb11da9d07.pdf,https://bk.rw/en/about/document-center
BK Group Announces 2024 Q4&FY Results,2024,press-release,https://bk.rw/uploads/BK_Group_Plc_Announces_Audited_Financial_Results_FY_2024_Final_f09b89ed87.pdf,BK_Group_Plc_Announces_Audited_Financial_Results_FY_2024_Final_f09b89ed87.pdf,https://bk.rw/en/about/document-center
"BK Group Plc Announces Unaudited, IFRS-Based Q3 & 9M 2024 Results",2024,press-release,https://bk.rw/uploads/BK_Group_Plc_Announces_Q3_and_9_M_2024_Unaudited_Financial_Results_3858d547c4.pdf,BK_Group_Plc_Announces_Q3_and_9_M_2024_Unaudited_Financial_Results_3858d547c4.pdf,https://bk.rw/en/about/document-center
BK Group Announces 1H 2024 Results,2024,press-release,https://bk.rw/uploads/BK_Group_Announces_1_H_2024_Results_Press_Release_7cc5ea1d6e.pdf,BK_Group_Announces_1_H_2024_Results_Press_Release_7cc5ea1d6e.pdf,https://bk.rw/en/about/document-center
BK Group Announces Unaudited Financial Results - Q1 2024,2024,press-release,https://bk.rw/uploads/BK_Group_Plc_Announces_Unaudited_Financial_Results_Q1_2024_1_8f148801d2.pdf,BK_Group_Plc_Announces_Unaudited_Financial_Results_Q1_2024_1_8f148801d2.pdf,https://bk.rw/en/about/document-center
"BK Group Plc Announces Unaudited, IFRS-Based Q3 & 9M 2023 Results",2023,press-release,https://bk.rw/uploads/Press_Release_Q3_9_M_2023_666c1224fb.pdf,Press_Release_Q3_9_M_2023_666c1224fb.pdf,https://bk.rw/en/about/document-center
BK Group Plc Announces Reviewed Results - Q2 and 1H 2023,2023,press-release,https://bk.rw/uploads/BK_Group_Plc_Announces_Reviewed_Results_Q2_and_1_H_2023_2_35631db0b5.pdf,BK_Group_Plc_Announces_Reviewed_Results_Q2_and_1_H_2023_2_35631db0b5.pdf,https://bk.rw/en/about/document-center
BK Group Plc Announces Reviewed Financial Results - Q1 2023,2023,press-release,https://bk.rw/uploads/BK_Group_Plc_Announces_Reviewed_Financial_Results_Q1_2023_e484a3747c.pdf,BK_Group_Plc_Announces_Reviewed_Financial_Results_Q1_2023_e484a3747c.pdf,https://bk.rw/en/about/document-center
BK Group Plc Announces FY & Q4 2022 Audited Results,2022,press-release,https://bk.rw/uploads/BK_Group_Plc_Announces_FY_Q4_2022_Audited_Results_3de5982e07.pdf,BK_Group_Plc_Announces_FY_Q4_2022_Audited_Results_3de5982e07.pdf,https://bk.rw/en/about/document-center
BK Group Announces Reviewed Financial Results - Q3 & 9M 2022,2022,press-release,https://bk.rw/uploads/BK_Group_Annouces_Reviewed_Financial_Results_Q3_9_M_2022_23b21343d0.pdf,BK_Group_Annouces_Reviewed_Financial_Results_Q3_9_M_2022_23b21343d0.pdf,https://bk.rw/en/about/document-center
BK Group Plc Announces Reviewed Financial Results - Q2 & 1H 2022,2022,press-release,https://bk.rw/uploads/BK_Group_Plc_Reviewed_Financial_Results_Q2_1_H_2022_6f6e026644.pdf,BK_Group_Plc_Reviewed_Financial_Results_Q2_1_H_2022_6f6e026644.pdf,https://bk.rw/en/about/document-center
Bk Group Plc annouces Unaudited Financials results Q1 2022,2022,press-release,https://bk.rw/uploads/BK_Group_Plc_Announces_Unaudited_Financial_Results_Q1_2022_1_a9ebf43f97.pdf,BK_Group_Plc_Announces_Unaudited_Financial_Results_Q1_2022_1_a9ebf43f97.pdf,https://bk.rw/en/about/document-center
BK Group Plc AnnouncesAudited Results Q4 FY 2021,2021,press-release,https://bk.rw/uploads/BK_Group_Plc_Announces_Q4_FY_2021_Audited_Results_3_e9316b1210.pdf,BK_Group_Plc_Announces_Q4_FY_2021_Audited_Results_3_e9316b1210.pdf,https://bk.rw/en/about/document-center
BK Group Plc Announces Unaudited Results - Q3 and 9M 2021,2021,press-release,https://bk.rw/uploads/BK_Group_Plc_Announces_Unaudited_Results_Q3_and_9_M_2021_49a307dce0.pdf,BK_Group_Plc_Announces_Unaudited_Results_Q3_and_9_M_2021_49a307dce0.pdf,https://bk.rw/en/about/document-center
BK Group Plc Announces Reviewed Results - Q2 and 1H 2021,2021,press-release,https://bk.rw/uploads/BK_Group_Plc_Announces_Reviewed_Results_Q2_and_1_H_2021_be1fe2921f.pdf,BK_Group_Plc_Announces_Reviewed_Results_Q2_and_1_H_2021_be1fe2921f.pdf,https://bk.rw/en/about/document-center
BK Group Plc Announces Unaudited Financial Results Q1 2021,2021,press-release,https://bk.rw/uploads/BK_Group_Plc_Announces_Unaudited_Q1_2021_Financail_Results_6543a64b45.pdf,BK_Group_Plc_Announces_Unaudited_Q1_2021_Financail_Results_6543a64b45.pdf,https://bk.rw/en/about/document-center
"BK Group Plc Announces Unaudited , Q4 & FY Results 2020",2020,press-release,https://bk.rw/uploads/BK_Group_Plc_Announces_Q4_FY_2020_Audited_Results_ed4fb2ca5a.pdf,BK_Group_Plc_Announces_Q4_FY_2020_Audited_Results_ed4fb2ca5a.pdf,https://bk.rw/en/about/document-center
"BK Group Plc Announces Unaudited, Q3 & 9M Results 2020",2020,press-release,https://bk.rw/uploads/BK_Group_Plc_Announces_Unaudited_IFRS_Based_Q3_9_M2020_Results_a9f316fc2a.pdf,BK_Group_Plc_Announces_Unaudited_IFRS_Based_Q3_9_M2020_Results_a9f316fc2a.pdf,https://bk.rw/en/about/document-center
"BK Group Plc Annouces Reviewed, Q2 and 1H Results 2020",2020,press-release,https://bk.rw/uploads/BK_Group_Plc_Q2_and_1_H_2020_Reviewed_Results_968b1c6fdf.pdf,BK_Group_Plc_Q2_and_1_H_2020_Reviewed_Results_968b1c6fdf.pdf,https://bk.rw/en/about/document-center
"BK Group Plc Annouces Unaudited, Q1 Results 2020",2020,press-release,https://bk.rw/uploads/BK_Group_Plc_Announces_Unaudited_Results_Q1_2020_1_a47a87add3.pdf,BK_Group_Plc_Announces_Unaudited_Results_Q1_2020_1_a47a87add3.pdf,https://bk.rw/en/about/document-center
"BK Group Plc Announces Audited, Q4 & Full Year 2019",2019,press-release,https://bk.rw/uploads/BK_Group_Plc_Announces_Q4_and_FY_2019_Audited_Results_229c0519b5.pdf,BK_Group_Plc_Announces_Q4_and_FY_2019_Audited_Results_229c0519b5.pdf,https://bk.rw/en/about/document-center
BK Group Plc Announces 4Q and FY Audited Result 2018,2018,press-release,https://bk.rw/uploads/BK_Group_Plc_Announces_4_Q_and_FY_2018_Audited_Results_aa94fd1504.pdf,BK_Group_Plc_Announces_4_Q_and_FY_2018_Audited_Results_aa94fd1504.pdf,https://bk.rw/en/about/document-center
BK Group Plc Announces Q3 and 9M Reviewed Results 2018,2018,press-release,https://bk.rw/uploads/BK_Group_Plc_Annouces_3_Q_and_9_M_Reviewed_Results_cd0480b330.pdf,BK_Group_Plc_Annouces_3_Q_and_9_M_Reviewed_Results_cd0480b330.pdf,https://bk.rw/en/about/document-center
BK Announces Reviewed Q3 2017 and 9M 2017,2017,press-release,https://bk.rw/uploads/Bankof_Kigali_Announces_Reviewed_Q32017and_9_M2017_Results_e377ba5e31.pdf,Bankof_Kigali_Announces_Reviewed_Q32017and_9_M2017_Results_e377ba5e31.pdf,https://bk.rw/en/about/document-center
BK Announces Reviewed Q2 2017 and 1H 2017,2017,press-release,https://bk.rw/uploads/Bank_of_Kigali_Announces_Reviewed_Q1_2017_Results_2_fe70e0d7f3.pdf,Bank_of_Kigali_Announces_Reviewed_Q1_2017_Results_2_fe70e0d7f3.pdf,https://bk.rw/en/about/document-center
BK Announces Reviewed Q1 2017,2017,press-release,https://bk.rw/uploads/Bank_of_Kigali_Announces_Reviewed_Q1_2017_Results_1_1278a455d8.pdf,Bank_of_Kigali_Announces_Reviewed_Q1_2017_Results_1_1278a455d8.pdf,https://bk.rw/en/about/document-center
BK Announces Reviewed Q3 2016 and 9M 2016,2016,press-release,https://bk.rw/uploads/BK_Financial_results_Q3_2016_753116b920.pdf,BK_Financial_results_Q3_2016_753116b920.pdf,https://bk.rw/en/about/document-center
"BK Announces Reviewed, IFRS-Based Q2 2016 & 1H 2016",2016,press-release,https://bk.rw/uploads/Bank_of_Kigali_Announces_Reviewed_Q2_2016_and_1_H_2016_Results_ec5f2a1a3f.pdf,Bank_of_Kigali_Announces_Reviewed_Q2_2016_and_1_H_2016_Results_ec5f2a1a3f.pdf,https://bk.rw/en/about/document-center
BK Annual Integrated Report,2025,annual-reports,https://bk.rw/uploads/BK_Annual_Integrated_Report_FY_2025_6_994e12bbc6.pdf,BK_Annual_Integrated_Report_FY_2025_6_994e12bbc6.pdf,https://bk.rw/en/about/document-center
BK Integrated Annual Report,2024,annual-reports,https://bk.rw/uploads/BK_Integrated_Annual_Report_2024_1_2fb684c274.pdf,BK_Integrated_Annual_Report_2024_1_2fb684c274.pdf,https://bk.rw/en/about/document-center
BK Group Annual report,2024,annual-reports,https://bk.rw/uploads/3_BK_GROUP_PLC_ANNUAL_REPORT_2024_0c4461d3c9.pdf,3_BK_GROUP_PLC_ANNUAL_REPORT_2024_0c4461d3c9.pdf,https://bk.rw/en/about/document-center
Bank of Kigali Annual Report,2023,annual-reports,https://bk.rw/uploads/Bank_of_Kigali_Annual_Report_2023_2_e8631b2625.pdf,Bank_of_Kigali_Annual_Report_2023_2_e8631b2625.pdf,https://bk.rw/en/about/document-center
BK Group Annual Integrated Report,2023,annual-reports,https://bk.rw/uploads/BK_Group_Annual_Intergrated_report_2023_242e57b27e.pdf,BK_Group_Annual_Intergrated_report_2023_242e57b27e.pdf,https://bk.rw/en/about/document-center
BK Group Annual Integrated Report,2022,annual-reports,https://bk.rw/uploads/BK_Group_Plc_Annual_Intergrated_Report_2022_05ae519cc1.pdf,BK_Group_Plc_Annual_Intergrated_Report_2022_05ae519cc1.pdf,https://bk.rw/en/about/document-center
Bank of Kigali Annual Report,2022,annual-reports,https://bk.rw/uploads/Bank_of_Kigali_AIR_2022_731e5ad4be.pdf,Bank_of_Kigali_AIR_2022_731e5ad4be.pdf,https://bk.rw/en/about/document-center
BK Annual Report,2016,annual-reports,https://bk.rw/uploads/Annual_Report_2016_40bc4bffd6.pdf,Annual_Report_2016_40bc4bffd6.pdf,https://bk.rw/en/about/document-center
BK Group Annual Integrated Report,2021,annual-reports,https://bk.rw/uploads/BK_Group_Integrated_Annual_Report_2021_9d9db6c026.pdf,BK_Group_Integrated_Annual_Report_2021_9d9db6c026.pdf,https://bk.rw/en/about/document-center
BK Annual Integrated Report,2020,annual-reports,https://bk.rw/uploads/BK_Annual_Integrated_Report_2020_37ca6970f2.pdf,BK_Annual_Integrated_Report_2020_37ca6970f2.pdf,https://bk.rw/en/about/document-center
BK Annual Report,2019,annual-reports,https://bk.rw/uploads/BK_Group_Plc_2019_Annual_Report_d985923474.pdf,BK_Group_Plc_2019_Annual_Report_d985923474.pdf,https://bk.rw/en/about/document-center
BK Annual Report,2018,annual-reports,https://bk.rw/uploads/BK_annual_Report_2018_f64724a166.pdf,BK_annual_Report_2018_f64724a166.pdf,https://bk.rw/en/about/document-center
BK Annual Report,2017,annual-reports,https://bk.rw/uploads/BK_Annual_Report_2017_0135f79bc7.pdf,BK_Annual_Report_2017_0135f79bc7.pdf,https://bk.rw/en/about/document-center
BK Annual Report,2015,annual-reports,https://bk.rw/uploads/Annual_Report_2016_ff74f2993b.pdf,Annual_Report_2016_ff74f2993b.pdf,https://bk.rw/en/about/document-center
BK Annual Report,2014,annual-reports,https://bk.rw/uploads/Annual_Report_2014_eb3accf3b8.pdf,Annual_Report_2014_eb3accf3b8.pdf,https://bk.rw/en/about/document-center
BK Annual Report,2013,annual-reports,https://bk.rw/uploads/2013_Annual_Report_622dae7fda.pdf,2013_Annual_Report_622dae7fda.pdf,https://bk.rw/en/about/document-center
BK Annual Report,2012,annual-reports,https://bk.rw/uploads/Annual_Report_2012_d26a01d3aa.pdf,Annual_Report_2012_d26a01d3aa.pdf,https://bk.rw/en/about/document-center
BK Annual Report,2011,annual-reports,https://bk.rw/uploads/2011_annual_reports_2037e6f4af.pdf,2011_annual_reports_2037e6f4af.pdf,https://bk.rw/en/about/document-center
BK Annual Report,2010,annual-reports,https://bk.rw/uploads/2010_annual_reports_461a8c21db.pdf,2010_annual_reports_461a8c21db.pdf,https://bk.rw/en/about/document-center
BK Annual Report,2009,annual-reports,https://bk.rw/uploads/ANNUAL_Report_2009_Bank_of_KIGALI_last_versionf_61ca7a0763.pdf,ANNUAL_Report_2009_Bank_of_KIGALI_last_versionf_61ca7a0763.pdf,https://bk.rw/en/about/document-center
BK Annual Report,2008,annual-reports,https://bk.rw/uploads/Annual_report_2008_1_9e2312159d.pdf,Annual_report_2008_1_9e2312159d.pdf,https://bk.rw/en/about/document-center
BK Group Plc Condensed Consolidated Financial Statements FY 2020,2020,other-material,https://bk.rw/uploads/Financial_Statements_FY_2020_1_7c54c393a4.pdf,Financial_Statements_FY_2020_1_7c54c393a4.pdf,https://bk.rw/en/about/document-center
BK Group Plc Condensed Consolidated Financial Statements FY 2020,2020,other-material,https://bk.rw/uploads/BK_Group_Plc_1_8fe51d1d60.pdf,BK_Group_Plc_1_8fe51d1d60.pdf,https://bk.rw/en/about/document-center
