issuer,ticker,title,url,filename,source_page,source_tier
ARM Cement PLC,ARM,Athi River Mining Limited Annual Report and Financial Statements 2005,https://www.cmarcp.or.ke/joomlatools-files/docman-files/NSE%20Listed%20companies%20Annual%20Reports/CONSTRUCTION%20AND%20ALLIED/Athi%20River%20Mining/2005.pdf,2005.pdf,https://www.cmarcp.or.ke/,CMA/regulator fallback
ARM Cement PLC,ARM,Athi River Mining Limited Annual Report and Financial Statements 2007,https://www.cmarcp.or.ke/joomlatools-files/docman-files/NSE%20Listed%20companies%20Annual%20Reports/CONSTRUCTION%20AND%20ALLIED/Athi%20River%20Mining/2007.pdf,2007.pdf,https://www.cmarcp.or.ke/,CMA/regulator fallback
Mumias Sugar PLC,MSC,Mumias Sugar Company Limited Annual Report and Financial Statements 1996,https://www.cmarcp.or.ke/joomlatools-files/docman-files/NSE%20Listed%20companies%20Annual%20Reports/MANUFACTURING%20AND%20ALLIED/Mumias%20Sugar%20Co.%20Ltd/1996.pdf,1996.pdf,https://www.cmarcp.or.ke/,CMA/regulator fallback
Mumias Sugar PLC,MSC,Mumias Sugar Company Limited Annual Report and Financial Statements 1997,https://www.cmarcp.or.ke/joomlatools-files/docman-files/NSE%20Listed%20companies%20Annual%20Reports/MANUFACTURING%20AND%20ALLIED/Mumias%20Sugar%20Co.%20Ltd/1997.pdf,1997.pdf,https://www.cmarcp.or.ke/,CMA/regulator fallback
Mumias Sugar PLC,MSC,Mumias Sugar Company Limited Annual Report and Financial Statements 2007/2008,https://www.cmarcp.or.ke/joomlatools-files/docman-files/NSE%20Listed%20companies%20Annual%20Reports/MANUFACTURING%20AND%20ALLIED/Mumias%20Sugar%20Co.%20Ltd/2007.pdf,2007.pdf,https://www.cmarcp.or.ke/,CMA/regulator fallback
Mumias Sugar PLC,MSC,Mumias Sugar Company Limited Annual Report and Financial Statements 2014,https://www.cmarcp.or.ke/joomlatools-files/docman-files/NSE%20Listed%20companies%20Annual%20Reports/MANUFACTURING%20AND%20ALLIED/Mumias%20Sugar%20Co.%20Ltd/2014.pdf,2014.pdf,https://www.cmarcp.or.ke/,CMA/regulator fallback
Mumias Sugar PLC,MSC,Mumias Sugar Company Limited Audited Financial Statements for the period ended 30 June 2016,https://www.cmarcp.or.ke/joomlatools-files/docman-files/monday/halfyear/MANUFACTURING%20AND%20ALLIED/Mumias%20sugar/FY%202016.pdf,FY%202016.pdf,https://www.cmarcp.or.ke/,CMA/regulator fallback
E.A. Portland Cement PLC,PORT,East African Portland Cement Company Annual Report and Financial Statements 2013,https://www.cmarcp.or.ke/joomlatools-files/docman-files/NSE%20Listed%20companies%20Annual%20Reports/CONSTRUCTION%20AND%20ALLIED/E.A%20Portland%20Cement/2013.pdf,2013.pdf,https://www.cmarcp.or.ke/,CMA/regulator fallback
E.A. Portland Cement PLC,PORT,East African Portland Cement Company Announcement of Audited Results FY 2015,https://www.cmarcp.or.ke/joomlatools-files/docman-files/monday/halfyear/CONSTRUCTION%20AND%20ALLIED/EAST%20AFRICAN%20PORTLAND/full%20year/FY%202015.pdf,FY%202015.pdf,https://www.cmarcp.or.ke/,CMA/regulator fallback
