link_text,direct_url
Integrated Reports,https://www.co-opbank.co.ke/investor-relations/integrated-reports/
Download →,https://www.co-opbank.co.ke/wp-content/uploads/2026/05/2025-Co-op-Bank-Integrated-Report-Web.pdf
Download →,https://www.co-opbank.co.ke/wp-content/uploads/2025/05/Co-op-2024-IR-07_05_compressed-1.pdf
Download →,https://www.co-opbank.co.ke/wp-content/uploads/2024/05/CO-OP-BANK-2023-Integrated-Report-1.pdf
Download →,https://www.co-opbank.co.ke/wp-content/uploads/2023/05/CO-OP-BANK-2022-Integrated-Report.pdf
Download →,https://www.co-opbank.co.ke/wp-content/uploads/2022/05/Co-op-Bank-2021-Annual-Report-Final-Online-Version-Updated-1.pdf
Download →,https://www.co-opbank.co.ke/wp-content/uploads/2021/11/Co-op-Bank-2020-Integrated-Report-Final.pdf
Download →,https://www.co-opbank.co.ke/wp-content/uploads/2021/11/CO-OP-BANK-2019-ANNUAL-REPORT-updated.pdf
Download →,https://www.co-opbank.co.ke/wp-content/uploads/2021/11/CO-OP-BANK-2018-ANNUAL-REPORT-compressed-1.pdf
Tariff Guide,https://www.co-opbank.co.ke/wp-content/uploads/2025/06/Co-op-A2-Bank-Tariff-Guide_9-June-2025.pdf
School Business Codes,https://www.co-opbank.co.ke/wp-content/uploads/2026/08/24.08.2026-UPDATED-SCHOOLS-CODES.pdf
Complaints Resolution Guide,https://www.co-opbank.co.ke/wp-content/uploads/2022/07/Complaints_Resolution_Guide_A2_Poster_6083c1455a3.pdf
