title,publication_date,url
Un-Audited Financial Statement and Other Disclosures for the period ended 30th June 2026,"June 29, 2026",https://familybank.co.ke/family-bank/wp-content/uploads/2026/08/Unaudited_Financial_Results_for_the_period_ended_30_June_2026.pdf
Integrated Report and Financial Statement for the year ended 2025,"April 30, 2026",https://familybank.co.ke/family-bank/wp-content/uploads/2026/05/Family_Bank_AR_2026.pdf
Un-audited Financial Statements and other disclosures for the period ended 31st March 2026,"March 30, 2026",https://familybank.co.ke/family-bank/wp-content/uploads/2026/05/Unaudited_Financial_Results_for_the_period_31_March_2026.pdf
Audited Financial Statement and Other Disclosures for the Period Ended 31st December 2025,"December 30, 2025",https://familybank.co.ke/family-bank/wp-content/uploads/2026/03/FAMILY_BANK_LIMITED_Audited_Financial_Statement_and_Other_Disclosures_the_Period_31st_December_2025.pdf
Un-audited Financial Statements and other disclosures for the period ended 30th September 2025,"September 29, 2025",https://familybank.co.ke/family-bank/wp-content/uploads/2025/11/UN-AUDITED-_FINANCIAL_STATEMENTS_AND_OTHER_DISCLOSURES_FOR_THE_PERIOD_ENDED_30_SEPTEMBER_2025.pdf
Un-audited Financial Statements and other disclosures for the period ended 30th June 2025,"August 18, 2025",https://familybank.co.ke/family-bank/wp-content/uploads/2025/08/UN-AUDITED-FINANCIAL-STATEMENTS-AND-OTHER-DISCLOSURES-FOR-THE-PERIOD-ENDED-30-JUNE-2025.pdf
Un-audited Financial Statements and other disclosures for the period ended 31st March 2025,"May 30, 2025",https://familybank.co.ke/family-bank/wp-content/uploads/2025/05/FAMILY-BANK-LIMITED-Q1-FINANCIALS-FINAL.pdf
Financial Statements for the Period Ended 31st December 2024,"December 30, 2024",https://familybank.co.ke/family-bank/wp-content/uploads/2025/03/audited_financial_results_31_december_2024.pdf
Financial Statements for the Period Ended 30th September 2024,"September 30, 2024",https://familybank.co.ke/family-bank/wp-content/uploads/2025/02/UN-AUDITED-FINANCIAL-STATEMENTS-AND-OTHER-DISCLOSURES-FOR-THE-PERIOD-ENDED-30TH-SEPTEMBER-2024.pdf
Financial Statements for the Period Ended 30th June 2024,"June 29, 2024",https://familybank.co.ke/family-bank/wp-content/uploads/2024/08/Financial-Statements-for-the-Period-Ended-30th-June-2024.pdf
Financial Statements for The Period Ended 31st March 2024,"March 30, 2024",https://familybank.co.ke/family-bank/wp-content/uploads/2024/05/UN-AUDITED-FINANCIAL-STATEMENTS-FOR-THE-PERIOD-ENDED-31ST-MARCH-2024.pdf
Financial Statement for the Period Ended 31st December 2023,"December 30, 2023",https://familybank.co.ke/family-bank/wp-content/uploads/2024/04/AUDITED_FINANCIAL_STATEMENTS_AND_OTHER-_DISCLOSURES_-FOR_THE_PERIOD_ENDED_31ST_DECEMBER_2023.pdf
Financial Statement for the Period Ended 30th September 2023,"November 22, 2023",https://familybank.co.ke/family-bank/wp-content/uploads/2023/11/Financials_Sep_2023_Final.pdf
Financial Statements for the Period Ended 30th June 2023,"June 29, 2023",https://familybank.co.ke/family-bank/wp-content/uploads/2023/08/Q2-Financial-Statements.pdf
Financial Statements for the Period Ended 31st March 2023,"March 30, 2023",https://familybank.co.ke/family-bank/wp-content/uploads/2023/05/Financial_Statements_for_the_Period_Ended_31st_March_2023.pdf
Financial Statements for the Period Ended 31st December 2022,"December 30, 2022",https://familybank.co.ke/family-bank/wp-content/uploads/2023/03/Financial_Statements_for_the_Period_Ended_31st_December_2022.pdf
Financial Statements for the Period ended 30th September 2022,"September 29, 2022",https://familybank.co.ke/family-bank/wp-content/uploads/2022/11/Financial-Statements-for-the-Period-Ended-30th-Septmeber-2022.pdf
Financial Statements for the Period Ended 30th June 2022,"June 29, 2022",https://familybank.co.ke/family-bank/wp-content/uploads/2022/08/Financial-Statements-for-the-Period-Ended-30th-June-2022.pdf
Financial Statement for the Period Ended 31st March 2022,"March 30, 2022",https://familybank.co.ke/family-bank/wp-content/uploads/2022/05/Financial-Statement-for-the-Period-Ended-31st-March-2022.pdf
Financial Statements for the Period Ended 31st December 2021,"March 30, 2022",https://familybank.co.ke/family-bank/wp-content/uploads/2022/03/Financial-Statements-for-the-Period-Ended-31st-December-2021-1.pdf
Financial Statements for the Period ended 30th September 2021,"September 29, 2021",https://familybank.co.ke/family-bank/wp-content/uploads/2021/11/Financial-Statement-as-at-30th-September-2021.pdf
Financial Statements for the Period ended 30th June 2021,"June 29, 2021",https://familybank.co.ke/family-bank/wp-content/uploads/2021/08/Financial-Statements-for-the-Period-ended-30th-June-2021.pdf
Financial Statements for the Period Ended 31st March 2021,"March 30, 2021",https://familybank.co.ke/family-bank/wp-content/uploads/2021/05/Financial-Statements-for-the-period-ended-31st-March-2021.pdf
Financial Statements for the Period Ended 31st December 2020,"December 30, 2020",https://familybank.co.ke/family-bank/wp-content/uploads/2021/03/Family-Bank-Audited-Results-For-Year-End-2020.pdf
Financial Statements at 30th September 2020,"September 29, 2020",https://familybank.co.ke/family-bank/wp-content/uploads/2020/11/Financial-Statements-as-at-30th-September-2020.pdf
Financial Statements for the Period ended 30th June 2020,"June 29, 2020",https://familybank.co.ke/family-bank/wp-content/uploads/2020/08/Financial-Statements-as-at-30th-June-2020.pdf
Financial Statments as at 31st March 2020,"March 30, 2020",https://familybank.co.ke/family-bank/wp-content/uploads/2020/05/Financial-Statements-as-at-31st-March-2020-1.pdf
FInancial Statement for the Period Ended 31st December 2019,"December 30, 2019",https://familybank.co.ke/family-bank/wp-content/uploads/2020/03/FInancial-Statement-for-the-Period-Ended-31st-December-2019.pdf
Financial Statements at 30th September 2019,"September 29, 2019",https://familybank.co.ke/family-bank/wp-content/uploads/2019/11/0000106103-01_FAMILY-BANK-LTD.pdf
Financial Statements as at 31st March 2019,"March 30, 2019",https://familybank.co.ke/family-bank/wp-content/uploads/2019/08/Family-Bank-Financial-Statementes-as-at-31st-March-2019.pdf
Financial Statements for the Period Ended 31st December 2018,"December 30, 2018",https://familybank.co.ke/family-bank/wp-content/uploads/2019/08/Family-Bank-Audited-Financial-Statements-for-the-period-ended-31st-December-2018.pdf
Financial Statements as at 30th September 2018,"September 29, 2018",https://familybank.co.ke/family-bank/wp-content/uploads/2019/08/Family-Bank-Financial-Statementes-as-at-30th-September-2018.pdf
Financial Statements as at 30th June 2018,"June 29, 2018",https://familybank.co.ke/family-bank/wp-content/uploads/2019/08/Family-Bank-Financial-Statements-as-at-30th-June-2018.pdf
Financial Statements as at 31st March 2018,"March 30, 2018",https://familybank.co.ke/family-bank/wp-content/uploads/2019/08/Family-Bank-Financial-Statementes-as-at-31st-March-2018.pdf
Financial Statements for the Period ended 31st December 2017,"December 30, 2017",https://familybank.co.ke/family-bank/wp-content/uploads/2019/08/Family-Bank-Audited-Financial-Statements-for-the-period-ended-31st-December-2017.pdf
Financial Statements as at 30th September 2017,"September 29, 2017",https://familybank.co.ke/family-bank/wp-content/uploads/2019/08/Family-Bank-Financial-Statements-as-at-30th-September-2017.pdf
Financial Statements as at 30th June 2017,"June 29, 2017",https://familybank.co.ke/family-bank/wp-content/uploads/2019/08/Family-Bank-Financial-Statements-as-at-30th-June-2017.pdf
Financial Statements as at 31st March 2017,"March 30, 2017",https://familybank.co.ke/family-bank/wp-content/uploads/2019/08/Family-Bank-Financial-Statementes-as-at-31st-March-2017.pdf
Financial Statements for the Period Ended 31st December 2016,"December 30, 2016",https://familybank.co.ke/family-bank/wp-content/uploads/2019/08/Family-Bank-Audited-Financial-Statements-for-the-period-ended-31st-December-2016.pdf
Financial Statements as at 30th September 2016,"September 29, 2016",https://familybank.co.ke/family-bank/wp-content/uploads/2019/08/Family-Bank-Financial-Statements-as-at-30th-September-2016.pdf
Financial Statements as at 30th June 2016,"June 29, 2016",https://familybank.co.ke/family-bank/wp-content/uploads/2019/08/Family-Bank-Financial-Statements-as-at-30th-June-2016.pdf
Financial Statements as at 31st March 2016,"March 30, 2016",https://familybank.co.ke/family-bank/wp-content/uploads/2019/08/Family-Bank-Financial-Statements-as-at-31st-March-2016.pdf
Financial Statements for the Period Ended 31st December 2015,"December 30, 2015",https://familybank.co.ke/family-bank/wp-content/uploads/2019/08/Family-Bank-Audited-Financial-Statements-for-the-period-ended-31st-December-2015.pdf
Financial Statements for the period ended 31st December 2014,"December 30, 2014",https://familybank.co.ke/family-bank/wp-content/uploads/2019/08/Family-Bank-Audited-Financial-Statements-for-the-period-ended-31st-December-2014.pdf
Financial Statements for the Period Ended 31st December 2013,"December 30, 2013",https://familybank.co.ke/family-bank/wp-content/uploads/2019/08/Family-Bank-Audited-Financial-Statements-for-the-period-ended-31st-December-2013.pdf
Financial Statements for the period ended 31st December 2012,"December 30, 2012",https://familybank.co.ke/family-bank/wp-content/uploads/2019/08/Family-Bank-Audited-Financial-Statements-for-the-period-ended-31st-December-2012.pdf
Financial Statements for the Period Ended 31st December 2011,"December 30, 2011",https://familybank.co.ke/family-bank/wp-content/uploads/2019/08/Family-Bank-Audited-Financial-Statements-for-the-period-ended-31st-December-2011.pdf
