title,url
Jubilee-Holdings-2025-Annual-Integrated-Report.pdf,https://jubileeinsurance.com/group/wp-content/uploads/2026/06/Jubilee-Holdings-2025-Annual-Integrated-Report.pdf
Jubilee-_annual_report_2024.pdf,https://jubileeinsurance.com/group/wp-content/uploads/2025/05/Jubilee-_annual_report_2024.pdf
Jubilee Insurance 2023 Annual Report.pdf,https://jubileeinsurance.com/group/wp-content/uploads/2024/06/Jubilee Insurance 2023 Annual Report.pdf
Jubilee-Insurance-2022-Annual-Report-For-Upload.pdf,https://jubileeinsurance.com/group/wp-content/uploads/2023/07/Jubilee-Insurance-2022-Annual-Report-For-Upload.pdf
Jubilee-Insurance-2021-Annual-Report.pdf,https://jubileeinsurance.com/group/wp-content/uploads/2023/07/Jubilee-Insurance-2021-Annual-Report.pdf
Jubilee-Insurance-2020-Annual-Report.pdf,https://jubileeinsurance.com/group/wp-content/uploads/2023/08/Jubilee-Insurance-2020-Annual-Report.pdf
Jubilee-Holdings-2018-Annual-Report.pdf,https://jubileeinsurance.com/group/wp-content/uploads/2024/06/Jubilee-Holdings-2018-Annual-Report.pdf
JHL-Annual-Report-2017.pdf,https://jubileeinsurance.com/group/wp-content/uploads/2023/07/JHL-Annual-Report-2017.pdf
Annual_Report-2016-1.pdf,https://jubileeinsurance.com/group/wp-content/uploads/2023/07/Annual_Report-2016-1.pdf
Jubilee-Annual-Report-2015-webversion.pdf,https://jubileeinsurance.com/group/wp-content/uploads/2023/07/Jubilee-Annual-Report-2015-webversion.pdf
Jubilee-Annual-report-2014-webversion.pdf,https://jubileeinsurance.com/group/wp-content/uploads/2023/07/Jubilee-Annual-report-2014-webversion.pdf
JHL-Annual-Report-2013-Dist.pdf,https://jubileeinsurance.com/group/wp-content/uploads/2023/07/JHL-Annual-Report-2013-Dist.pdf
Annual_Report_2012.pdf,https://jubileeinsurance.com/group/wp-content/uploads/2023/07/Annual_Report_2012.pdf
Annual_Report_2011.pdf,https://jubileeinsurance.com/group/wp-content/uploads/2023/07/Annual_Report_2011.pdf
