title,publication_date,source_page_url,direct_url,css_class
NCBA Group PLC H1 – 2026 Investor Deck,"August 10, 2026",https://ncbagroup.com/quarterly-earnings/,https://ncbagroup.com/wp-content/uploads/2026/08/NCBA-Group-Plc-H1-26-Investor-Deck-1.pdf,"['elementor-element', 'elementor-element-5af710f', 'e-con-full', 'report-card', 'e-flex', 'e-con', 'e-child']"
NCBA GROUP PLC H1 2026 Financial Results Press Release Final,"August 5, 2026",https://ncbagroup.com/quarterly-earnings/,https://ncbagroup.com/wp-content/uploads/2026/08/NCBA-GROUP-PLC-H1-2026-Financial-Results-Press-Release-Final.pdf,"['elementor-element', 'elementor-element-5af710f', 'e-con-full', 'report-card', 'e-flex', 'e-con', 'e-child']"
NCBA Group – H1 2026 Unaudited Financials,"August 5, 2026",https://ncbagroup.com/quarterly-earnings/,https://ncbagroup.com/wp-content/uploads/2026/08/NCBA-Group-H1-2026-Unaudited-Financials.pdf,"['elementor-element', 'elementor-element-5af710f', 'e-con-full', 'report-card', 'e-flex', 'e-con', 'e-child']"
NCBA Investment Bank – H1 2026 Unaudited Financials,"August 5, 2026",https://ncbagroup.com/quarterly-earnings/,https://ncbagroup.com/wp-content/uploads/2026/08/NCBA-Investment-Bank-H1-2026-Unaudited-Financials.pdf,"['elementor-element', 'elementor-element-5af710f', 'e-con-full', 'report-card', 'e-flex', 'e-con', 'e-child']"
NCBA Group Q1 2026 Financial Results,"May 20, 2026",https://ncbagroup.com/quarterly-earnings/,https://ncbagroup.com/wp-content/uploads/2026/05/NCBA-GROUP-PLC-FINANCIALS-PUBLICATION-Q1-2026-FINAL.pdf,"['elementor-element', 'elementor-element-5af710f', 'e-con-full', 'report-card', 'e-flex', 'e-con', 'e-child']"
NCBA Group Abridged Financials FY2025,"November 23, 2025",https://ncbagroup.com/quarterly-earnings/,https://ncbagroup.com/wp-content/uploads/2026/04/NCBA-Group-Abridged-Financials-FY2025.pdf,"['elementor-element', 'elementor-element-5af710f', 'e-con-full', 'report-card', 'e-flex', 'e-con', 'e-child']"
NCBA Group Financials Final 25.03.2026,"November 18, 2025",https://ncbagroup.com/quarterly-earnings/,https://ncbagroup.com/wp-content/uploads/securepdfs/2026/04/NCBA-Group-Financials-Final-25.03.2026.pdf,"['elementor-element', 'elementor-element-5af710f', 'e-con-full', 'report-card', 'e-flex', 'e-con', 'e-child']"
NCBA Group Q3 2025 Financial Results,"September 27, 2025",https://ncbagroup.com/quarterly-earnings/,https://ncbagroup.com/wp-content/uploads/securepdfs/2026/03/NCBA-Group-Q3-2025-Financial-Results.pdf,"['elementor-element', 'elementor-element-5af710f', 'e-con-full', 'report-card', 'e-flex', 'e-con', 'e-child']"
Press Release NCBA Q3 2025 Financial Results,"September 15, 2025",https://ncbagroup.com/quarterly-earnings/,https://ncbagroup.com/wp-content/uploads/securepdfs/2026/03/Press-Release-NCBA-Q3-2025-Financial-Results.pdf,"['elementor-element', 'elementor-element-5af710f', 'e-con-full', 'report-card', 'e-flex', 'e-con', 'e-child']"
