issuer,ticker,title,url
Williamson Tea Kenya PLC,WTK,Signed WTK annual report Financial statements 2026,https://www.williamsontea.com/wp-content/uploads/2026/06/Signed-WTK-annual-report-Financial-statements-2026.pdf
Kapchorua Tea Company PLC,KAPC,Signed KAP Annual Report Finacial Statements 2026,https://www.williamsontea.com/wp-content/uploads/2026/06/Signed-KAP-Annual-Report-Finacial-Statements-2026.pdf
Kapchorua Tea Company PLC,KAPC,Kap Half Year Press September 2025,https://www.williamsontea.com/wp-content/uploads/2025/11/Kap-Half-Year-Press-September-2025.pdf
Williamson Tea Kenya PLC,WTK,WTK PRESS RELEASE September 2025,https://www.williamsontea.com/wp-content/uploads/2025/11/WTK-PRESS-RELEASE-September-2025.pdf
Williamson Tea Kenya PLC,WTK,WTK 2025 signed FS,https://www.williamsontea.com/wp-content/uploads/2025/06/WTK-2025-signed-FS-.pdf
Kapchorua Tea Company PLC,KAPC,Kap Half Year Press September 2024,https://www.williamsontea.com/wp-content/uploads/2024/11/Kap-Half-Year-Press-September-2024.pdf
Williamson Tea Kenya PLC,WTK,WTK PRESS RELEASE September 2024,https://www.williamsontea.com/wp-content/uploads/2024/11/WTK-PRESS-RELEASE-September-2024.pdf
Williamson Tea Kenya PLC,WTK,WTK 2024 Signed FS,https://www.williamsontea.com/wp-content/uploads/2024/07/WTK-2024-Signed-FS.pdf
Kapchorua Tea Company PLC,KAPC,Kapchorua 2024 Signed FS,https://www.williamsontea.com/wp-content/uploads/2024/07/Kapchorua-2024-Signed-FS.pdf
Williamson Tea Kenya PLC,WTK,WILLIAMSON TEA KENYA PLC VOTING RESULTS 2023,https://www.williamsontea.com/wp-content/uploads/2024/01/WILLIAMSON-TEA-KENYA-PLC-VOTING-RESULTS-2023.pdf
Kapchorua Tea Company PLC,KAPC,Kapchorua Half Year Press September 2023 16.11.2398,https://www.williamsontea.com/wp-content/uploads/2024/01/Kapchorua-Half-Year-Press-September-2023-16.11.2398.pdf
Kapchorua Tea Company PLC,KAPC,KAPCHORUA TEA KENYA PLC VOTING RESULTS 2023 1,https://www.williamsontea.com/wp-content/uploads/2024/01/KAPCHORUA-TEA-KENYA-PLC-VOTING-RESULTS-2023-1.pdf
Kapchorua Tea Company PLC,KAPC,Kapchorua signed Financial Statement 2023,https://www.williamsontea.com/wp-content/uploads/2024/01/Kapchorua-signed-Financial-Statement-2023.pdf
Williamson Tea Kenya PLC,WTK,Williamson signed Financial Statement 2023,https://www.williamsontea.com/wp-content/uploads/2024/01/Williamson-signed-Financial-Statement-2023.pdf
Williamson Tea Kenya PLC,WTK,WTK PRESS RELEASE September 202286,https://www.williamsontea.com/wp-content/uploads/2024/01/WTK-PRESS-RELEASE-September-202286.pdf
Kapchorua Tea Company PLC,KAPC,Kap Half Year Press September 2022,https://www.williamsontea.com/wp-content/uploads/2024/01/Kap-Half-Year-Press-September-2022.pdf
Williamson Tea Kenya PLC,WTK,Wtk Annual Report 2022,https://www.williamsontea.com/wp-content/uploads/2024/01/Wtk-Annual-Report-2022.pdf
Kapchorua Tea Company PLC,KAPC,Kapchorua Annual Report 2022,https://www.williamsontea.com/wp-content/uploads/2024/01/Kapchorua-Annual-Report-2022.pdf
Williamson Tea Kenya PLC,WTK,WTK Half Year Results September 2021,https://www.williamsontea.com/wp-content/uploads/2024/01/WTK-Half-Year-Results-September-2021.pdf
Kapchorua Tea Company PLC,KAPC,Kap Half Year Results September 202124,https://www.williamsontea.com/wp-content/uploads/2024/01/Kap-Half-Year-Results-September-202124.pdf
Kapchorua Tea Company PLC,KAPC,Kapchorua Audited Accounts for year ended 31st March 2021,https://www.williamsontea.com/wp-content/uploads/2024/01/Kapchorua-Audited-Accounts-for-year-ended-31st-March-2021.pdf
Williamson Tea Kenya PLC,WTK,Williamson Tea Audited Accounts for year ended 31st March 2021,https://www.williamsontea.com/wp-content/uploads/2024/01/Williamson-Tea-Audited-Accounts-for-year-ended-31st-March-2021.pdf
Williamson Tea Kenya PLC,WTK,WILLIASMON TEA KENYA PLC UNAUDITED RESULTS FOR 6 MONTHS ENDED 30TH SEPTEMBER 2020,https://www.williamsontea.com/wp-content/uploads/2024/01/WILLIASMON-TEA-KENYA-PLC-UNAUDITED-RESULTS-FOR-6-MONTHS-ENDED-30TH-SEPTEMBER-2020.pdf
Kapchorua Tea Company PLC,KAPC,KAPCHORUA TEA KENYA PLC UNAUDITED RESULTS FOR 6 MONTHS ENDING 30TH SEPTEMBER 2020,https://www.williamsontea.com/wp-content/uploads/2024/01/KAPCHORUA-TEA-KENYA-PLC-UNAUDITED-RESULTS-FOR-6-MONTHS-ENDING-30TH-SEPTEMBER-2020-.pdf
Kapchorua Tea Company PLC,KAPC,Kapchorua Financial Statements for the year ended 31st March 2020,https://www.williamsontea.com/wp-content/uploads/2024/01/Kapchorua-Financial-Statements-for-the-year-ended-31st-March-2020.pdf
Williamson Tea Kenya PLC,WTK,Williamson Tea Kenya Plc Consolidated Financial Statements for the year ended 31st March 2020,https://www.williamsontea.com/wp-content/uploads/2024/01/Williamson-Tea-Kenya-Plc-Consolidated-Financial-Statements-for-the-year-ended-31st-March-2020.pdf
Kapchorua Tea Company PLC,KAPC,Kapchorua Tea Kenya Plc accounts for the year ended 31st March 2019,https://www.williamsontea.com/wp-content/uploads/2024/01/Kapchorua-Tea-Kenya-Plc-accounts-for-the-year-ended-31st-March-2019.pdf
Williamson Tea Kenya PLC,WTK,Williamson Tea Kenya Plc accounts for the year ended 31st March 2019,https://www.williamsontea.com/wp-content/uploads/2024/01/Williamson-Tea-Kenya-Plc-accounts-for-the-year-ended-31st-March-2019.pdf
